{
  "count": 36,
  "exact_count": 25,
  "exact_match": 0.6944444444444444,
  "total_distance": 27,
  "total_reference_length": 291,
  "cer": 0.09278350515463918,
  "mean_cer": 0.09156946448613117
}
